<?xml version="1.0" encoding="UTF-8"?>
<!DOCTYPE platform PUBLIC "-//NetBeans//DTD Java PlatformDefinition 1.0//EN" "http://www.netbeans.org/dtds/java-platformdefinition-1_0.dtd">
<platform default="yes" name="JDK 1.8 (Default)">
    <properties>
        <property name="platform.ant.name" value="default_platform"/>
    </properties>
    <javadoc>
        <resource>https://docs.oracle.com/javase/8/docs/api/</resource>
        <resource>https://docs.oracle.com/javase/8/javafx/api/</resource>
        <resource>jar:file:/C:/Users/Alex/Documents/Neuer%20Ordner/Programming/NetBeansProjects/jdk-8u60-docs-all.zip!/docs/jre/api/javaws/jnlp/</resource>
        <resource>jar:file:/C:/Users/Alex/Documents/Neuer%20Ordner/Programming/NetBeansProjects/jdk-8u60-docs-all.zip!/docs/jre/api/plugin/dom/</resource>
        <resource>jar:file:/C:/Users/Alex/Documents/Neuer%20Ordner/Programming/NetBeansProjects/jdk-8u60-docs-all.zip!/docs/jdk/api/nashorn/</resource>
        <resource>jar:file:/C:/Users/Alex/Documents/Neuer%20Ordner/Programming/NetBeansProjects/jdk-8u60-docs-all.zip!/docs/jdk/api/attach/spec/</resource>
        <resource>jar:file:/C:/Users/Alex/Documents/Neuer%20Ordner/Programming/NetBeansProjects/jdk-8u60-docs-all.zip!/docs/jdk/api/javac/tree/</resource>
        <resource>jar:file:/C:/Users/Alex/Documents/Neuer%20Ordner/Programming/NetBeansProjects/jdk-8u60-docs-all.zip!/docs/jdk/api/jconsole/spec/</resource>
        <resource>jar:file:/C:/Users/Alex/Documents/Neuer%20Ordner/Programming/NetBeansProjects/jdk-8u60-docs-all.zip!/docs/jre/api/management/cmm/</resource>
        <resource>jar:file:/C:/Users/Alex/Documents/Neuer%20Ordner/Programming/NetBeansProjects/jdk-8u60-docs-all.zip!/docs/jdk/api/jpda/jdi/</resource>
        <resource>jar:file:/C:/Users/Alex/Documents/Neuer%20Ordner/Programming/NetBeansProjects/jdk-8u60-docs-all.zip!/docs/api/</resource>
        <resource>jar:file:/C:/Users/Alex/Documents/Neuer%20Ordner/Programming/NetBeansProjects/jdk-8u60-docs-all.zip!/docs/technotes/guides/imf/api-sample/</resource>
        <resource>jar:file:/C:/Users/Alex/Documents/Neuer%20Ordner/Programming/NetBeansProjects/jdk-8u60-docs-all.zip!/docs/jre/api/management/extension/</resource>
        <resource>jar:file:/C:/Users/Alex/Documents/Neuer%20Ordner/Programming/NetBeansProjects/jdk-8u60-docs-all.zip!/docs/jre/api/management/rm/</resource>
        <resource>jar:file:/C:/Users/Alex/Documents/Neuer%20Ordner/Programming/NetBeansProjects/jdk-8u60-docs-all.zip!/docs/jdk/api/javadoc/doclet/</resource>
    </javadoc>
</platform>
